{
  "libraries": [
    "libzmq-v141-mt-4_3_4",
    "ws2_32",
    "iphlpapi",
    "advapi32"
  ],
  "include_dirs": [
    "C:\\Users\\runneradmin\\AppData\\Local\\Temp\\pip-req-build-oee_leh_\\libzmq-dll",
    "zmq\\utils"
  ],
  "library_dirs": [
    "C:\\Users\\runneradmin\\AppData\\Local\\Temp\\pip-req-build-oee_leh_\\libzmq-dll"
  ],
  "runtime_library_dirs": [],
  "extra_link_args": [],
  "define_macros": [
    [
      "WINVER",
      "0x0602"
    ],
    [
      "_WIN32_WINNT",
      "0x0602"
    ]
  ]
}